{
  "$schema": "http://json-schema.org/draft-07/schema#",
  "type": "object",
  "title": "Costume",
  "description": "The clothing used in a Portrayal of a Character in the production.",
  "properties": {
    "entityType": {
      "type": "string",
      "title": "Entity Type",
      "const": "Costume"
    },
    "identifier": {
      "title": "identifier",
      "$ref": "../Utility/identifier.json#/properties/identifier"
    },
    "name": {
      "type": "string",
      "title": "Name"
    },
    "description": {
      "type": "string",
      "title": "Description"
    }
  },
  "additionalProperties": false
}
