{"$schema":"http://json-schema.org/draft-07/schema#","type":"object","title":"NarrativeLocation","description":"A location specified or implied by the narrative.","properties":{"entityType":{"type":"string","title":"Entity Type","const":"NarrativeLocation"},"identifier":{"title":"identifier","$ref":"../Utility/identifier.json#/properties/identifier"},"Location":{"$ref":"../Utility/Location.json"},"name":{"type":"string","title":"Name"},"description":{"type":"string","title":"Description"}},"additionalProperties":false}