{"$schema":"http://json-schema.org/draft-07/schema#","type":"object","title":"ProductionScene","description":"Defined either by explicit divisions in the structure of the Script, e.g., by a Slugline, or by additional capture for use in the Creative Work that is not tied to any particular Scene in the Script.","properties":{"entityType":{"type":"string","title":"Entity Type","const":"ProductionScene"},"identifier":{"title":"identifier","$ref":"../Utility/identifier.json#/properties/identifier"},"sceneHeader":{"type":"string","title":"Scene Header"},"sceneDescriptor":{"type":"string","title":"Scene Descriptor","description":"An alphanumeric reference to a Production Scene"},"description":{"type":"string","title":"Description"},"sceneNumber":{"type":"string","title":"Scene Number","description":"A number tied to a Slugline when a Script is locked"}},"additionalProperties":false}