{"$schema":"http://json-schema.org/draft-07/schema#","type":"object","title":"SetDressing","description":"Objects used on set to create and enhance the environment.","properties":{"entityType":{"type":"string","title":"Entity Type","const":"SetDressing"},"identifier":{"title":"identifier","$ref":"../Utility/identifier.json#/properties/identifier"},"name":{"type":"string","title":"Name"},"description":{"type":"string","title":"Description"},"Context":{"type":"object","title":"Context","properties":{"entityType":{"type":"string","title":"Entity Type","const":"Context"},"identifier":{"title":"identifier","$ref":"../Utility/identifier.json#/properties/identifier"},"appearsIn":{"type":"object","title":"appearsIn","properties":{"NarrativeScene":{"type":"array","items":{"$ref":"../MediaCreationContext/NarrativeScene.json"}}}}},"additionalProperties":false}},"additionalProperties":false}