{
	"$schema": "http://json-schema.org/draft-07/schema#",
	"title": "unitOfMeasurement",
	"type": "object",
	"properties": {
		"linearDistance": {
			"title": "Linear Distance",
			"description": "Encode a measurment of distance using the imperial or metric system",
			"oneOf": [
				{"type": "null"},
				{"$ref":"#/definitions/metricDistance"},
				{"$ref":"#/definitions/imperialDistance"}
			],
			"examples": ["100m", "2000ft"]
		},
		"weight": {
			"title": "weight",
			"description": "Encode a measurment of weight using the imperial or metric system",
			"oneOf": [
				{"type": "null"},
				{"$ref":"#/definitions/metricWeight"},
				{"$ref":"#/definitions/imperialWeight"}
			]
		},
		"dimensions": {
			"title": "dimensions",
			"description": "Encode a set of measurments to describe a 2 or 3 dimensional object (metric, imperial or pixels)",
			"properties": {
				"height": {
					"description": "The height or X axis of the object",
					"oneOf": [
						{"type": "null"},
						{"$ref":"#/definitions/metricDistance"},
						{"$ref":"#/definitions/imperialDistance"},
						{"$ref":"#/definitions/pixels"}
					]
				},
				"width": {
					"description": "The width or X axis of the object",
					"oneOf": [
						{"type": "null"},
						{"$ref":"#/definitions/metricDistance"},
						{"$ref":"#/definitions/imperialDistance"},
						{"$ref":"#/definitions/pixels"}
					]
				},
				"depth": {
					"description": "The depth or Z axis of the object",
					"oneOf": [
						{"type": "null"},
						{"$ref":"#/definitions/metricDistance"},
						{"$ref":"#/definitions/imperialDistance"},
						{"$ref":"#/definitions/pixels"}
					]
				}
			}
		}
	},
	"definitions": {
		"metricDistance": {
			"type": "string",
			"description": "Encode distance using the metric system of measurement (kilometer, meter, centimetre, millilmeter",
			"pattern": "^-?(\\d+km)?(\\d+m)?(\\d+cm)?(\\d+mm)?$",
			"examples": ["100m","6km2m56cm12mm"]
		},
		"imperialDistance": {
			"type": "string",
			"description": "Encode distance using the imperial system of measurment (miles, feet, inches)",
			"pattern": "^-?(\\d+mi)?(\\d+ft)?(\\d+in)?$",
			"examples": ["2000ft","2mi12ft6in"]
		},
		"pixels": {
			"type": "string",
			"description": "Encode a measurement of the number of pixels, typically in a digital image",
			"pattern": "^(\\d+px)$",
			"examples": ["250px"]
		},
		"metricWeight": {
			"type": "string",
			"description": "Encode weight using the metric system of measurement (kilogram, gram)",
			"pattern": "^(\\d+kg)?(\\d+g)?$",
			"examples": ["3kg7g"]
		},
		"imperialWeight": {
			"type": "string",
			"description": "Encode weight using the imperial system of measurment (pounds, oounces)",
			"pattern": "^(\\d+lb)?(\\d+oz)?$",
			"examples": ["12lb14oz"]
		}
	}
}